Date/Time,Temp (°C),Dew Point Temp (°C),Rel Hum (%),Stn Press (kPa),kWh,Cloud_Cover_In_Oktas,Sun_Up,Warm_enough,Apt_Temp
2019-11-18 08:00:00,2.8,0.2,83.0,99.79,0.07400000000000001,8.0,1,1,21.15
2019-11-18 09:00:00,3.1,0.5,83.0,99.78,0.064,8.0,1,0,19.263333333333332
2019-11-18 10:00:00,2.7,0.7,87.0,99.76,0.064,8.0,1,0,19.576666666666664
2019-11-18 11:00:00,2.4,0.8,89.0,99.67,0.084,8.0,1,0,20.189999999999994
2019-11-18 12:00:00,2.8,1.2,90.0,99.61,0.064,8.0,1,0,20.663333333333338
2019-11-18 13:00:00,2.5,0.9,89.0,99.56,0.064,8.0,1,0,20.729999999999997
2019-11-18 14:00:00,2.6,0.9,88.0,99.51,0.496,8.0,1,0,20.496666666666655
2019-11-18 15:00:00,2.9,1.1,88.0,99.5,0.772,8.0,1,0,20.073333333333327
2019-11-18 16:00:00,2.9,1.1,88.0,99.47,0.9540000000000001,8.0,1,0,19.943333333333324
2019-11-18 17:00:00,3.0,1.2,88.0,99.44,0.9620000000000001,8.0,0,0,20.063333333333325
2019-11-18 18:00:00,3.1,1.1,87.0,99.46,1.104,8.0,0,0,20.086666666666662
2019-11-18 19:00:00,3.2,1.0,85.0,99.47,0.79,8.0,0,0,19.773333333333337
2019-11-18 20:00:00,3.0,0.8,85.0,99.46,0.294,8.0,0,0,19.610000000000007
2019-11-18 21:00:00,2.8,0.5,85.0,99.42,0.198,8.0,0,0,19.563333333333343
2019-11-18 22:00:00,2.6,0.5,86.0,99.42,0.228,8.0,0,0,19.556666666666665
2019-11-18 23:00:00,2.5,0.4,86.0,99.46,0.6920000000000001,8.0,0,0,19.403333333333325
2019-11-19 00:00:00,2.5,0.3,86.0,99.45,0.122,8.0,0,0,19.13666666666667
2019-11-19 01:00:00,2.5,0.4,86.0,99.43,0.158,8.0,0,0,18.973333333333326
2019-11-19 02:00:00,2.3,0.2,86.0,99.43,0.212,8.0,0,0,18.753333333333334
2019-11-19 03:00:00,2.2,0.3,87.0,99.42,0.48,8.0,0,0,18.576666666666675
2019-11-19 04:00:00,2.0,0.3,88.0,99.42,0.188,8.0,0,0,18.503333333333334
2019-11-19 05:00:00,1.9,0.0,88.0,99.45,0.2,8.0,0,0,18.466666666666658
2019-11-19 06:00:00,1.9,-0.3,85.0,99.48,0.162,8.0,0,0,18.69333333333333
2019-11-19 07:00:00,1.7,-0.7,84.0,99.53,0.11599999999999999,8.0,0,0,18.759999999999998
2019-11-19 08:00:00,1.8,-0.8,82.0,99.59,0.084,8.0,1,0,19.343333333333327
2019-11-19 09:00:00,2.0,-0.5,84.0,99.62,0.07400000000000001,8.0,1,0,20.08000000000001
2019-11-19 10:00:00,2.6,-0.2,81.0,99.64,0.092,8.0,1,0,20.6
2019-11-19 11:00:00,3.1,0.1,81.0,99.66,0.068,8.0,1,0,20.94333333333333
2019-11-19 12:00:00,3.7,0.4,79.0,99.65,0.07400000000000001,8.0,1,1,21.100000000000012
2019-11-19 13:00:00,3.6,-0.8,73.0,99.64,0.218,8.0,1,1,21.156666666666663
2019-11-19 14:00:00,4.1,-0.3,73.0,99.63,0.524,8.0,1,1,21.5
2019-11-19 15:00:00,4.2,-0.4,72.0,99.67,0.738,8.0,1,1,21.29000000000001
2019-11-19 16:00:00,3.7,-0.6,74.0,99.76,0.894,8.0,1,0,20.75333333333334
2019-11-19 17:00:00,3.6,-0.4,75.0,99.81,0.812,8.0,0,0,20.416666666666654
2019-11-19 18:00:00,3.4,0.4,81.0,99.87,0.7859999999999999,8.0,0,0,20.083333333333332
2019-11-19 19:00:00,3.6,0.6,81.0,99.92,1.114,7.0,0,0,20.103333333333346
2019-11-19 20:00:00,3.9,0.7,80.0,99.94,0.87,8.0,0,0,19.96333333333332
2019-11-19 21:00:00,3.8,0.7,80.0,99.98,0.648,8.0,0,0,19.849999999999998
2019-11-19 22:00:00,3.9,0.7,80.0,99.98,0.222,8.0,0,0,19.87333333333333
2019-11-19 23:00:00,3.9,0.9,80.0,99.97,0.16,8.0,0,0,19.899999999999988
2019-11-20 00:00:00,3.7,0.8,81.0,99.99,0.12,8.0,0,0,19.813333333333333
2019-11-20 01:00:00,3.7,1.0,82.0,100.04,0.37,8.0,0,0,19.660000000000007
2019-11-20 02:00:00,3.8,1.3,84.0,100.08,0.14800000000000002,8.0,0,0,19.606666666666676
2019-11-20 03:00:00,3.8,1.2,83.0,100.14,0.15,8.0,0,0,19.64666666666668
2019-11-20 04:00:00,3.8,1.0,82.0,100.18,0.21,8.0,0,0,19.65000000000001
2019-11-20 05:00:00,3.8,1.0,82.0,100.24,0.168,8.0,0,0,19.53666666666667
2019-11-20 06:00:00,3.7,0.9,82.0,100.3,0.17600000000000002,8.0,0,0,19.600000000000012
2019-11-20 07:00:00,3.7,0.9,82.0,100.37,0.10400000000000001,8.0,0,0,19.576666666666675
2019-11-20 08:00:00,3.8,1.2,83.0,100.44,0.096,8.0,1,0,19.62666666666667
2019-11-20 09:00:00,4.5,1.4,80.0,100.49,0.07200000000000001,8.0,1,0,19.82
2019-11-20 10:00:00,5.3,1.6,77.0,100.55,0.162,8.0,1,0,20.436666666666667
2019-11-20 11:00:00,5.9,1.7,74.0,100.58,0.122,8.0,1,0,20.613333333333347
2019-11-20 12:00:00,6.7,1.7,70.0,100.58,0.07400000000000001,7.0,1,1,21.10666666666667
2019-11-20 13:00:00,7.5,1.6,66.0,100.58,0.094,7.0,1,1,21.21000000000001
2019-11-20 14:00:00,7.9,1.1,62.0,100.6,0.242,7.0,1,0,20.969999999999988
2019-11-20 15:00:00,8.1,0.9,60.0,100.65,0.54,8.0,1,0,20.720000000000006
2019-11-20 16:00:00,7.7,0.7,61.0,100.71,0.7440000000000001,7.0,1,0,20.536666666666676
2019-11-20 17:00:00,7.7,0.9,62.0,100.74,0.72,8.0,0,0,20.84
2019-11-20 18:00:00,7.5,0.9,63.0,100.79,1.1340000000000001,7.0,0,1,21.466666666666672
2019-11-20 19:00:00,5.3,-0.2,68.0,100.84,0.8420000000000001,3.0,0,1,21.110000000000014
2019-11-20 20:00:00,4.6,-0.1,72.0,100.91,0.7559999999999999,3.0,0,1,21.276666666666664
2019-11-20 21:00:00,4.3,0.4,76.0,100.95,0.754,5.0,0,1,21.286666666666665
2019-11-20 22:00:00,3.2,-0.1,79.0,100.96,0.77,3.0,0,1,21.296666666666678
2019-11-20 23:00:00,2.5,0.1,84.0,100.97,1.048,1.0,0,1,21.113333333333344
2019-11-21 00:00:00,2.0,-0.5,84.0,100.93,0.612,0.0,0,0,20.916666666666654
2019-11-21 01:00:00,2.0,-0.5,84.0,100.94,0.264,0.0,0,0,20.82
2019-11-21 02:00:00,1.1,-0.7,88.0,100.94,0.242,0.0,0,0,20.793333333333347
2019-11-21 03:00:00,1.1,-0.5,89.0,100.94,0.308,0.0,0,0,20.58333333333334
2019-11-21 04:00:00,2.0,0.6,90.0,100.86,0.23399999999999999,0.0,0,0,20.5
2019-11-21 05:00:00,2.6,0.2,84.0,100.87,0.136,0.0,0,0,20.406666666666656
2019-11-21 06:00:00,3.5,0.8,82.0,100.83,0.08,0.0,0,0,20.326666666666664
2019-11-21 07:00:00,3.6,0.7,81.0,100.8,0.08199999999999999,0.0,0,0,20.276666666666664
2019-11-21 08:00:00,4.0,0.7,79.0,100.72,0.09,0.0,1,0,20.41333333333333
2019-11-21 09:00:00,4.8,1.3,78.0,100.68,0.078,0.0,1,0,20.910000000000007
2019-11-21 10:00:00,5.5,1.7,77.0,100.59,0.092,7.0,1,1,21.270000000000007
2019-11-21 11:00:00,6.0,2.4,78.0,100.51,0.07400000000000001,7.0,1,1,21.806666666666665
2019-11-21 12:00:00,6.1,1.7,73.0,100.37,0.09,7.0,1,1,21.976666666666674
2019-11-21 13:00:00,6.6,1.6,70.0,100.2,0.08199999999999999,8.0,1,1,22.12333333333333
2019-11-21 14:00:00,6.4,1.8,72.0,100.03,0.38799999999999996,8.0,1,1,21.65000000000001
2019-11-21 15:00:00,6.2,2.5,77.0,99.9,0.762,8.0,1,1,21.466666666666654
2019-11-21 16:00:00,5.7,2.8,81.0,99.7,1.236,8.0,1,1,21.049999999999997
2019-11-21 17:00:00,6.2,2.5,77.0,99.53,0.7879999999999999,8.0,0,0,20.533333333333317
2019-11-21 18:00:00,6.0,3.0,81.0,99.37,0.79,8.0,0,0,20.250000000000004
2019-11-21 19:00:00,6.8,3.8,81.0,99.32,0.618,8.0,0,0,20.160000000000007
2019-11-21 20:00:00,7.0,4.6,85.0,99.22,0.698,8.0,0,0,20.15666666666666
2019-11-21 21:00:00,7.7,5.1,84.0,99.14,0.7340000000000001,8.0,0,0,20.566666666666666
2019-11-21 22:00:00,7.8,5.8,88.0,99.04,0.37799999999999995,8.0,0,1,22.126666666666672
2019-11-21 23:00:00,8.4,6.8,90.0,98.95,0.128,8.0,0,1,22.069999999999997
2019-11-22 00:00:00,9.1,7.3,88.0,98.91,0.132,8.0,0,1,21.25666666666667
2019-11-22 01:00:00,11.3,8.0,80.0,98.9,0.10800000000000001,8.0,0,0,20.866666666666664
2019-11-22 02:00:00,10.1,5.0,70.0,99.01,0.134,8.0,0,0,20.79333333333334
2019-11-22 03:00:00,8.1,2.5,68.0,99.14,1.1179999999999999,8.0,0,0,20.543333333333337
2019-11-22 04:00:00,7.0,1.6,68.0,99.14,1.296,8.0,0,0,20.36999999999999
2019-11-22 05:00:00,6.2,0.9,69.0,99.23,0.408,8.0,0,0,20.35666666666666
2019-11-22 06:00:00,5.4,-0.1,68.0,99.27,0.096,8.0,0,0,20.373333333333328
2019-11-22 07:00:00,4.1,-2.1,64.0,99.37,0.106,7.0,0,0,20.226666666666674
2019-11-22 08:00:00,3.6,-2.6,64.0,99.46,0.094,8.0,1,1,21.116666666666664
2019-11-22 09:00:00,4.1,-2.9,60.0,99.6,0.07200000000000001,7.0,1,1,22.386666666666667
2019-11-22 10:00:00,3.9,-3.5,58.0,99.72,0.092,7.0,1,1,22.19000000000001
2019-11-22 11:00:00,2.6,-2.6,68.0,99.81,0.08,7.0,1,1,22.33
2019-11-22 12:00:00,3.4,-5.4,52.0,99.86,0.08,5.0,1,1,22.316666666666663
2019-11-22 13:00:00,2.9,-7.9,45.0,99.9,0.09,5.0,1,1,22.316666666666663
2019-11-22 14:00:00,3.0,-8.0,44.0,99.99,0.6559999999999999,4.0,1,1,22.076666666666664
2019-11-22 15:00:00,2.8,-7.3,47.0,100.06,0.8140000000000001,6.0,1,1,21.649999999999995
2019-11-22 16:00:00,2.2,-7.1,50.0,100.14,0.782,6.0,1,1,21.69999999999999
2019-11-22 17:00:00,1.9,-7.0,52.0,100.24,0.8440000000000001,7.0,0,1,21.720000000000006
2019-11-22 18:00:00,1.5,-7.0,53.0,100.33,0.818,7.0,0,1,22.13
2019-11-22 19:00:00,1.1,-7.1,55.0,100.4,0.934,6.0,0,1,22.716666666666683
2019-11-22 20:00:00,0.9,-6.3,58.0,100.43,0.772,6.0,0,1,22.58000000000001
2019-11-22 21:00:00,1.5,-6.4,55.0,100.43,0.7440000000000001,7.0,0,1,22.606666666666673
2019-11-22 22:00:00,0.7,-6.9,57.0,100.38,0.738,6.0,0,1,22.653333333333332
2019-11-22 23:00:00,0.3,-6.5,61.0,100.37,0.746,5.0,0,1,22.716666666666672
2019-11-23 00:00:00,-0.1,-6.4,63.0,100.31,1.702,3.0,0,1,22.216666666666665
2019-11-23 01:00:00,0.3,-5.3,66.0,100.26,0.758,6.0,0,1,21.30666666666667
2019-11-23 02:00:00,0.1,-5.0,68.0,100.26,0.996,4.0,0,0,20.856666666666666
2019-11-23 03:00:00,-0.5,-5.6,69.0,100.26,0.938,1.0,0,0,20.60000000000001
2019-11-23 04:00:00,-0.7,-5.3,71.0,100.21,0.9359999999999999,0.0,0,0,20.5
2019-11-23 05:00:00,-0.4,-5.2,70.0,100.18,0.9059999999999999,0.0,0,0,20.443333333333328
2019-11-23 06:00:00,-0.9,-5.6,71.0,100.12,0.5579999999999999,0.0,0,0,20.293333333333344
2019-11-23 07:00:00,-0.7,-5.7,69.0,100.08,0.11800000000000001,0.0,0,0,20.396666666666665
2019-11-23 08:00:00,-0.4,-5.7,67.0,100.05,0.094,0.0,1,0,20.829999999999995
2019-11-23 09:00:00,0.5,-5.7,63.0,100.04,0.098,0.0,1,0,20.929999999999996
2019-11-23 10:00:00,2.1,-5.1,59.0,99.97,0.094,1.0,1,0,20.376666666666665
2019-11-23 11:00:00,3.4,-5.2,53.0,99.85,0.19,1.0,1,0,19.91333333333332
2019-11-23 12:00:00,4.7,-3.4,56.0,99.76,0.15,1.0,1,0,19.800000000000008
2019-11-23 13:00:00,5.3,-2.6,57.0,99.63,0.19399999999999998,1.0,1,0,19.42333333333333
2019-11-23 14:00:00,4.6,-2.0,63.0,99.56,0.12,1.0,1,0,19.126666666666672
2019-11-23 15:00:00,4.2,-1.6,66.0,99.46,0.076,1.0,1,0,19.163333333333334
2019-11-23 16:00:00,4.1,-1.6,66.0,99.36,0.094,2.0,1,0,18.95999999999999
2019-11-23 17:00:00,3.7,-1.7,68.0,99.29,0.07200000000000001,4.0,0,0,18.910000000000004
2019-11-23 18:00:00,4.0,-1.0,70.0,99.27,0.096,5.0,0,0,19.063333333333336
2019-11-23 19:00:00,4.0,-0.8,71.0,99.14,0.07400000000000001,7.0,0,0,19.349999999999998
2019-11-23 20:00:00,3.9,-0.8,71.0,99.06,0.096,6.0,0,0,19.186666666666675
2019-11-23 21:00:00,4.0,-0.8,71.0,98.95,0.172,6.0,0,0,18.98999999999999
2019-11-23 22:00:00,3.8,0.0,77.0,98.88,0.098,7.0,0,0,19.019999999999996
2019-11-23 23:00:00,3.8,-0.2,75.0,98.87,0.09,6.0,0,0,19.323333333333334
2019-11-24 00:00:00,3.5,-0.2,77.0,98.83,0.16,7.0,0,0,19.88666666666666
2019-11-24 01:00:00,3.3,-0.3,77.0,98.74,0.316,8.0,0,0,20.03000000000001
2019-11-24 02:00:00,3.3,-0.4,77.0,98.73,0.106,8.0,0,0,19.546666666666663
2019-11-24 03:00:00,2.4,-1.6,75.0,98.71,0.096,7.0,0,0,19.323333333333334
2019-11-24 04:00:00,1.5,-3.0,72.0,98.7,0.11800000000000001,6.0,0,0,19.20333333333333
2019-11-24 05:00:00,1.5,-2.8,73.0,98.7,0.096,6.0,0,0,19.073333333333334
2019-11-24 06:00:00,0.2,-3.5,76.0,98.71,0.768,7.0,0,0,18.90666666666666
2019-11-24 07:00:00,-0.4,-3.3,81.0,98.75,0.076,7.0,0,0,18.930000000000003
2019-11-24 08:00:00,-0.4,-2.6,85.0,98.78,0.078,2.0,1,0,19.84333333333334
2019-11-24 09:00:00,-0.1,-2.7,82.0,98.8,0.08800000000000001,0.0,1,0,20.480000000000008
2019-11-24 10:00:00,2.1,-2.2,73.0,98.77,0.07400000000000001,0.0,1,0,20.143333333333338
2019-11-24 11:00:00,3.1,-2.3,67.0,98.8,0.092,0.0,1,0,19.769999999999992
2019-11-24 12:00:00,3.5,-1.7,69.0,98.68,0.076,1.0,1,0,19.789999999999996
2019-11-24 13:00:00,5.1,-1.5,62.0,98.57,0.092,7.0,1,0,19.740000000000006
2019-11-24 14:00:00,5.2,-1.1,64.0,98.52,0.73,5.0,1,0,19.50666666666666
2019-11-24 15:00:00,6.3,-1.0,59.0,98.48,0.9059999999999999,7.0,1,0,19.583333333333332
2019-11-24 16:00:00,6.4,-2.3,54.0,98.49,0.122,8.0,1,0,20.166666666666668
2019-11-24 17:00:00,5.8,-1.3,60.0,98.56,0.07200000000000001,7.0,0,0,20.686666666666664
2019-11-24 18:00:00,5.5,-0.6,65.0,98.59,0.07200000000000001,6.0,0,0,20.90666666666667
2019-11-24 19:00:00,5.2,-0.2,68.0,98.69,0.08199999999999999,4.0,0,1,21.973333333333343
2019-11-24 20:00:00,4.3,-0.4,71.0,98.75,0.068,1.0,0,1,22.033333333333335
2019-11-24 21:00:00,4.1,0.3,76.0,98.8,0.628,1.0,0,1,21.96999999999999
2019-11-24 22:00:00,4.0,0.1,76.0,98.84,0.794,0.0,0,1,21.72666666666667
2019-11-24 23:00:00,3.7,-0.3,76.0,98.87,0.762,0.0,0,0,20.936666666666653
2019-11-25 00:00:00,3.5,0.1,79.0,98.9,1.274,2.0,0,0,20.713333333333335
2019-11-25 01:00:00,2.8,-0.1,81.0,98.93,1.23,1.0,0,0,20.62333333333334
2019-11-25 02:00:00,3.0,-0.2,80.0,98.97,0.77,3.0,0,0,20.433333333333323
2019-11-25 03:00:00,2.9,-0.1,80.0,99.02,0.8059999999999999,6.0,0,0,20.35666666666666
2019-11-25 04:00:00,2.9,0.0,81.0,99.02,0.47200000000000003,6.0,0,0,20.21333333333333
2019-11-25 05:00:00,3.7,0.7,80.0,99.12,0.07200000000000001,5.0,0,0,20.153333333333343
2019-11-25 06:00:00,3.6,0.8,82.0,99.13,0.09,7.0,0,0,20.07666666666667
2019-11-25 07:00:00,3.6,0.9,82.0,99.17,0.076,6.0,0,0,20.073333333333334
2019-11-25 08:00:00,4.3,1.3,81.0,99.16,0.084,7.0,1,0,20.61666666666667
2019-11-25 09:00:00,5.4,2.2,80.0,99.18,0.07200000000000001,7.0,1,0,20.93333333333333
2019-11-25 10:00:00,6.0,2.9,81.0,99.24,0.086,8.0,1,1,21.020000000000014
2019-11-25 11:00:00,6.4,3.1,80.0,99.22,0.068,8.0,1,1,21.073333333333345
2019-11-25 12:00:00,7.1,4.5,84.0,99.16,0.08800000000000001,7.0,1,1,21.296666666666667
2019-11-25 13:00:00,7.0,3.8,80.0,99.19,0.37,7.0,1,1,21.94666666666667
2019-11-25 14:00:00,7.3,3.5,77.0,99.19,0.85,8.0,1,1,22.053333333333345
2019-11-25 15:00:00,7.2,3.3,76.0,99.22,0.8540000000000001,8.0,1,1,22.163333333333345
2019-11-25 16:00:00,7.2,3.4,77.0,99.24,0.866,8.0,1,1,21.95333333333332
2019-11-25 17:00:00,7.4,3.4,76.0,99.26,0.7979999999999999,8.0,0,1,21.873333333333324
2019-11-25 18:00:00,7.3,3.4,76.0,99.32,0.782,8.0,0,1,21.746666666666655
2019-11-25 19:00:00,6.9,3.2,77.0,99.34,1.4240000000000002,8.0,0,1,21.79333333333333
2019-11-25 20:00:00,6.8,3.0,77.0,99.3,0.78,8.0,0,1,21.700000000000006
2019-11-25 21:00:00,6.5,3.0,78.0,99.29,0.828,8.0,0,1,21.663333333333348
2019-11-25 22:00:00,6.7,3.0,77.0,99.32,0.8320000000000001,8.0,0,1,21.74333333333332
2019-11-25 23:00:00,6.3,2.8,78.0,99.29,0.7559999999999999,8.0,0,1,21.50333333333334
2019-11-26 00:00:00,5.6,3.1,84.0,99.31,0.79,8.0,0,0,20.813333333333336
2019-11-26 01:00:00,4.9,2.8,86.0,99.28,0.87,7.0,0,0,20.436666666666653
2019-11-26 02:00:00,6.8,3.8,81.0,99.26,0.628,7.0,0,0,20.086666666666666
2019-11-26 03:00:00,6.7,3.5,80.0,99.29,0.17,7.0,0,0,19.899999999999988
2019-11-26 04:00:00,6.1,3.3,82.0,99.28,0.252,3.0,0,0,19.803333333333335
2019-11-26 05:00:00,5.9,3.3,83.0,99.29,0.212,2.0,0,0,19.703333333333333
2019-11-26 06:00:00,5.8,3.1,83.0,99.41,0.096,2.0,0,0,19.829999999999988
2019-11-26 07:00:00,5.5,3.6,87.0,99.5,0.086,1.0,0,0,19.923333333333336
2019-11-26 08:00:00,5.9,3.1,83.0,99.64,0.07200000000000001,1.0,1,0,20.390000000000004
2019-11-26 09:00:00,7.3,3.9,79.0,99.74,0.086,2.0,1,0,20.50333333333333
2019-11-26 10:00:00,8.3,3.6,72.0,99.8,0.086,1.0,1,0,20.29333333333334
2019-11-26 11:00:00,9.3,2.4,62.0,99.88,0.068,0.0,1,0,20.103333333333346
2019-11-26 12:00:00,9.9,2.1,58.0,99.89,0.086,8.0,1,0,20.18999999999999
2019-11-26 13:00:00,10.7,1.2,52.0,99.88,0.066,6.0,1,0,20.456666666666667
2019-11-26 14:00:00,10.6,0.5,50.0,99.9,0.28,7.0,1,0,20.370000000000005
2019-11-26 15:00:00,10.6,0.3,49.0,99.93,0.172,4.0,1,0,19.983333333333324
2019-11-26 16:00:00,10.1,0.6,52.0,100.0,0.168,2.0,1,0,19.866666666666656
2019-11-26 17:00:00,8.8,0.7,57.0,100.02,0.16,3.0,0,0,19.983333333333338
2019-11-26 18:00:00,8.0,1.0,61.0,100.09,0.188,3.0,0,0,19.906666666666656
2019-11-26 19:00:00,7.6,1.4,65.0,100.1,1.012,6.0,0,0,20.496666666666666
2019-11-26 20:00:00,7.5,1.4,65.0,100.12,0.16399999999999998,6.0,0,0,20.730000000000015
2019-11-26 21:00:00,8.7,1.1,59.0,100.13,0.14400000000000002,8.0,0,0,20.91666666666667
2019-11-26 22:00:00,7.9,1.5,64.0,100.15,0.11800000000000001,4.0,0,1,21.00999999999999
2019-11-26 23:00:00,6.5,1.6,71.0,100.12,0.1,0.0,0,0,20.949999999999996
2019-11-27 00:00:00,6.4,2.7,77.0,100.06,0.11199999999999999,1.0,0,0,20.640000000000008
2019-11-27 01:00:00,7.2,2.4,71.0,99.96,1.09,5.0,0,0,20.439999999999987
2019-11-27 02:00:00,6.9,2.8,75.0,99.9,0.158,8.0,0,0,20.073333333333334
2019-11-27 03:00:00,7.1,2.9,75.0,99.84,0.292,7.0,0,0,19.90333333333332
2019-11-27 04:00:00,6.7,3.3,79.0,99.75,0.282,7.0,0,0,19.899999999999988
2019-11-27 05:00:00,6.4,3.0,79.0,99.56,0.618,8.0,0,0,19.806666666666676
2019-11-27 06:00:00,6.2,3.4,82.0,99.36,0.13,8.0,0,0,19.596666666666668
2019-11-27 07:00:00,6.1,3.5,84.0,99.31,0.168,8.0,0,0,19.473333333333336
2019-11-27 08:00:00,6.1,4.3,88.0,99.17,0.098,8.0,1,0,19.58333333333334
2019-11-27 09:00:00,6.0,4.2,88.0,98.89,0.084,8.0,1,0,19.74
2019-11-27 10:00:00,5.8,4.0,89.0,98.7,0.086,8.0,1,0,19.89666666666667
2019-11-27 11:00:00,6.1,4.0,86.0,98.49,0.19,8.0,1,0,20.649999999999995
2019-11-27 12:00:00,6.2,4.3,87.0,98.32,0.078,8.0,1,1,21.123333333333335
2019-11-27 13:00:00,6.9,5.1,88.0,98.19,0.136,8.0,1,1,21.063333333333336
2019-11-27 14:00:00,7.5,5.7,89.0,98.1,0.132,8.0,1,1,21.183333333333326
2019-11-27 15:00:00,8.0,6.2,88.0,98.15,0.318,8.0,1,1,21.40333333333333
2019-11-27 16:00:00,9.4,6.0,80.0,98.28,0.44,8.0,1,1,21.520000000000003
2019-11-27 17:00:00,9.9,2.8,61.0,98.4,1.0979999999999999,8.0,0,1,21.69666666666667
2019-11-27 18:00:00,8.6,2.1,64.0,98.51,0.932,8.0,0,1,21.679999999999996
2019-11-27 19:00:00,7.6,1.1,64.0,98.62,0.7559999999999999,7.0,0,1,21.873333333333328
2019-11-27 20:00:00,6.8,1.1,67.0,98.72,0.802,8.0,0,1,22.01
2019-11-27 21:00:00,6.4,0.0,64.0,98.85,0.7659999999999999,8.0,0,1,22.093333333333344
2019-11-27 22:00:00,5.8,0.3,68.0,98.95,0.768,8.0,0,1,22.120000000000015
2019-11-27 23:00:00,5.6,0.5,70.0,99.01,0.8079999999999999,7.0,0,1,22.09666666666668
2019-11-28 00:00:00,5.6,0.3,69.0,99.13,0.722,8.0,0,1,22.08666666666668
2019-11-28 01:00:00,5.6,0.7,71.0,99.15,0.74,8.0,0,1,21.610000000000007
2019-11-28 02:00:00,5.8,1.6,74.0,99.28,0.802,7.0,0,0,20.786666666666672
2019-11-28 03:00:00,6.5,1.8,72.0,99.44,0.818,8.0,0,0,20.636666666666674
2019-11-28 04:00:00,4.9,0.2,72.0,99.61,0.758,8.0,0,0,20.636666666666677
2019-11-28 05:00:00,3.9,0.5,78.0,99.87,0.726,8.0,0,0,20.600000000000012
2019-11-28 06:00:00,3.6,-1.0,72.0,100.16,0.732,8.0,0,0,20.513333333333332
2019-11-28 07:00:00,2.9,-2.2,69.0,100.38,0.218,8.0,0,0,20.56000000000001
2019-11-28 08:00:00,2.3,-2.9,69.0,100.61,0.084,8.0,1,0,20.706666666666667
2019-11-28 09:00:00,2.5,-3.0,67.0,100.76,0.066,6.0,1,1,21.686666666666664
2019-11-28 10:00:00,2.5,-2.5,69.0,100.94,0.16,8.0,1,1,21.98000000000001
2019-11-28 11:00:00,1.9,-3.8,66.0,101.06,0.11800000000000001,8.0,1,1,22.16333333333332
2019-11-28 12:00:00,1.7,-4.0,66.0,101.08,0.08,8.0,1,1,22.379999999999995
2019-11-28 13:00:00,1.9,-5.7,57.0,101.16,0.08,7.0,1,1,22.01999999999999
2019-11-28 14:00:00,1.9,-5.9,56.0,101.13,0.596,8.0,1,1,21.516666666666662
2019-11-28 15:00:00,1.5,-5.6,59.0,101.18,0.792,8.0,1,0,20.98999999999999
2019-11-28 16:00:00,0.7,-5.8,62.0,101.28,0.7340000000000001,8.0,1,1,21.03333333333334
2019-11-28 17:00:00,-0.1,-6.1,64.0,101.35,0.888,8.0,0,1,21.16333333333333
2019-11-28 18:00:00,-0.1,-6.4,63.0,101.48,0.8540000000000001,7.0,0,1,21.230000000000008
2019-11-28 19:00:00,-0.1,-5.9,65.0,101.56,0.78,5.0,0,1,21.180000000000007
2019-11-28 20:00:00,0.0,-6.0,64.0,101.59,0.7140000000000001,5.0,0,1,21.066666666666677
2019-11-28 21:00:00,-0.8,-6.6,65.0,101.7,0.72,3.0,0,1,21.490000000000006
2019-11-28 22:00:00,-0.9,-6.4,66.0,101.72,0.696,2.0,0,1,21.713333333333324
2019-11-28 23:00:00,-1.0,-6.2,68.0,101.64,0.73,5.0,0,1,21.776666666666657
2019-11-29 00:00:00,-1.7,-6.5,70.0,101.59,0.706,7.0,0,1,22.050000000000015
2019-11-29 01:00:00,-2.1,-7.0,69.0,101.65,0.7120000000000001,7.0,0,1,21.440000000000005
2019-11-29 02:00:00,-2.0,-6.8,69.0,101.67,0.746,8.0,0,0,20.873333333333328
2019-11-29 03:00:00,-2.1,-6.6,71.0,101.62,0.858,8.0,0,0,20.720000000000002
2019-11-29 04:00:00,-2.1,-6.5,71.0,101.6,0.884,8.0,0,0,20.69666666666667
2019-11-29 05:00:00,-1.9,-6.4,72.0,101.67,0.8759999999999999,8.0,0,0,20.563333333333336
2019-11-29 06:00:00,-2.1,-6.5,72.0,101.62,0.7559999999999999,8.0,0,0,20.49333333333333
2019-11-29 07:00:00,-2.2,-6.5,72.0,101.58,0.17,8.0,0,0,20.40999999999999
2019-11-29 08:00:00,-2.1,-6.4,73.0,101.62,0.066,8.0,1,0,20.153333333333332
2019-11-29 09:00:00,-1.9,-6.0,73.0,101.62,0.08800000000000001,8.0,1,0,20.08666666666666
2019-11-29 10:00:00,-1.7,-5.7,74.0,101.6,0.068,8.0,1,0,20.163333333333345
2019-11-29 11:00:00,-1.5,-5.6,73.0,101.62,0.066,8.0,1,0,20.163333333333334
2019-11-29 12:00:00,-1.0,-5.0,74.0,101.51,0.08800000000000001,7.0,1,0,20.626666666666672
2019-11-29 13:00:00,-0.8,-5.2,72.0,101.42,0.066,8.0,1,0,20.509999999999998
2019-11-29 14:00:00,-0.8,-5.6,70.0,101.35,0.22,8.0,1,0,20.339999999999993
2019-11-29 15:00:00,-0.6,-5.7,69.0,101.3,0.092,8.0,1,0,20.620000000000005
2019-11-29 16:00:00,-0.5,-5.5,69.0,101.29,0.156,8.0,1,0,20.76
2019-11-29 17:00:00,-0.5,-5.5,69.0,101.24,0.204,8.0,0,0,20.93666666666667
2019-11-29 18:00:00,-0.6,-5.3,70.0,101.24,0.33399999999999996,8.0,0,1,21.426666666666677
2019-11-29 19:00:00,-0.8,-5.4,71.0,101.23,0.07400000000000001,7.0,0,1,21.756666666666675
2019-11-29 20:00:00,-0.9,-5.0,74.0,101.2,0.4,7.0,0,1,21.67333333333334
2019-11-29 21:00:00,-1.2,-5.6,72.0,101.16,0.746,7.0,0,1,21.73000000000001
2019-11-29 22:00:00,-1.1,-5.7,71.0,101.09,0.872,8.0,0,1,21.740000000000013
2019-11-29 23:00:00,-1.4,-5.6,73.0,101.05,1.338,8.0,0,1,21.58333333333334
2019-11-30 00:00:00,-1.3,-5.8,71.0,100.98,0.8759999999999999,8.0,0,1,21.5
2019-11-30 01:00:00,-1.2,-6.4,68.0,100.9,0.872,8.0,0,1,21.316666666666663
2019-11-30 02:00:00,-1.2,-5.6,72.0,100.89,0.862,8.0,0,0,20.35000000000001
2019-11-30 03:00:00,-1.5,-5.9,72.0,100.86,0.816,8.0,0,0,19.919999999999984
2019-11-30 04:00:00,-1.9,-5.8,74.0,100.93,0.81,8.0,0,0,19.7
2019-11-30 05:00:00,-2.1,-5.9,75.0,100.85,0.723,7.0,0,0,19.679999999999993
2019-11-30 06:00:00,-2.5,-6.0,77.0,100.81,0.0684,7.0,0,0,19.87999999999999
2019-11-30 07:00:00,-2.8,-6.2,77.0,100.87,0.358,7.0,0,0,19.93333333333333
2019-11-30 08:00:00,-2.5,-6.1,76.0,100.92,0.066,8.0,1,0,19.990000000000002
2019-11-30 09:00:00,-2.5,-6.4,74.0,100.86,0.068,7.0,1,0,20.26999999999999
2019-11-30 10:00:00,-2.2,-6.3,73.0,100.88,0.086,8.0,1,0,20.260000000000005
2019-11-30 11:00:00,-2.4,-6.1,76.0,100.86,0.068,8.0,1,0,19.94999999999999
2019-11-30 12:00:00,-2.5,-6.4,74.0,100.76,0.066,7.0,1,0,19.946666666666665
2019-11-30 13:00:00,-2.3,-6.1,75.0,100.7,0.076,7.0,1,0,20.310000000000002
2019-11-30 14:00:00,-2.6,-6.8,73.0,100.59,0.08,8.0,1,0,20.256666666666668
2019-11-30 15:00:00,-2.9,-7.0,73.0,100.61,0.31,8.0,1,0,20.40333333333333
2019-11-30 16:00:00,-2.8,-6.9,73.0,100.61,0.078,8.0,1,0,20.993333333333347
2019-11-30 17:00:00,-2.3,-7.5,67.0,100.56,0.092,7.0,0,1,21.33999999999999
2019-11-30 18:00:00,-1.9,-8.2,62.0,100.49,0.43200000000000005,7.0,0,1,21.373333333333335
2019-11-30 19:00:00,-1.7,-7.4,65.0,100.45,0.08,6.0,0,1,21.193333333333328
2019-11-30 20:00:00,-1.4,-7.4,63.0,100.42,0.544,6.0,0,1,21.209999999999994
2019-11-30 21:00:00,-1.2,-6.9,65.0,100.3,0.7140000000000001,7.0,0,1,21.346666666666657
2019-11-30 22:00:00,-0.9,-6.7,65.0,100.27,0.812,6.0,0,1,21.326666666666664
2019-11-30 23:00:00,-0.6,-7.7,58.0,100.24,0.762,5.0,0,1,21.396666666666658
2019-12-01 00:00:00,-0.7,-8.1,57.0,100.21,0.71,5.0,0,1,21.326666666666668
2019-12-01 01:00:00,-1.9,-6.0,73.0,100.11,0.73,4.0,0,1,21.46999999999999
2019-12-01 02:00:00,-2.0,-5.3,78.0,99.96,0.718,7.0,0,1,21.333333333333332
2019-12-01 03:00:00,-2.5,-5.3,81.0,99.88,0.7240000000000001,7.0,0,1,21.336666666666662
2019-12-01 04:00:00,-3.0,-5.2,85.0,99.74,0.7140000000000001,6.0,0,1,21.250000000000007
2019-12-01 05:00:00,-2.4,-4.4,86.0,99.61,0.728,5.0,0,1,21.136666666666663
2019-12-01 06:00:00,-1.9,-4.2,84.0,99.45,0.716,5.0,0,1,21.036666666666655
2019-12-01 07:00:00,-1.7,-4.1,83.0,99.3,0.72,8.0,0,0,20.783333333333342
2019-12-01 08:00:00,-1.9,-4.1,85.0,99.2,0.6859999999999999,8.0,1,0,20.56666666666667
2019-12-01 09:00:00,-1.8,-3.6,87.0,99.19,0.706,8.0,1,0,20.663333333333338
2019-12-01 10:00:00,-2.1,-3.6,90.0,99.03,0.684,8.0,1,0,20.373333333333324
2019-12-01 11:00:00,-1.9,-3.1,92.0,98.87,0.7020000000000001,8.0,1,0,20.103333333333335
2019-12-01 12:00:00,-1.5,-2.5,93.0,98.77,0.6940000000000001,8.0,1,0,20.293333333333333
2019-12-01 13:00:00,-1.1,-2.1,94.0,98.65,0.7979999999999999,8.0,1,0,20.15333333333333
2019-12-01 14:00:00,-0.8,-1.6,94.0,98.57,0.75,8.0,1,0,19.99000000000001
2019-12-01 15:00:00,-0.8,-1.7,94.0,98.57,0.72,8.0,1,0,20.04333333333333
2019-12-01 16:00:00,-0.3,-1.1,94.0,98.59,0.7140000000000001,8.0,1,0,20.49666666666668
2019-12-01 17:00:00,-1.0,-1.9,94.0,98.67,0.6859999999999999,8.0,0,0,20.543333333333333
2019-12-01 18:00:00,-0.8,-1.7,93.0,98.72,0.708,8.0,0,0,20.393333333333334
2019-12-01 19:00:00,-0.6,-1.6,93.0,98.75,0.69,8.0,0,0,20.58333333333335
2019-12-01 20:00:00,-0.8,-1.8,93.0,98.79,0.69,8.0,0,0,20.869999999999994
2019-12-01 21:00:00,-0.7,-1.7,93.0,98.79,0.8059999999999999,8.0,0,1,21.203333333333326
2019-12-01 22:00:00,-1.5,-2.7,92.0,98.79,0.754,8.0,0,1,21.45
2019-12-01 23:00:00,-1.5,-2.6,92.0,98.82,0.706,8.0,0,1,21.46999999999999
2019-12-02 00:00:00,-1.5,-2.9,90.0,98.87,0.7240000000000001,8.0,0,1,21.406666666666652
2019-12-02 01:00:00,-1.6,-3.0,91.0,98.87,0.716,8.0,0,1,21.156666666666677
2019-12-02 02:00:00,-2.1,-3.8,89.0,98.98,0.754,8.0,0,1,21.053333333333338
2019-12-02 03:00:00,-2.6,-4.0,90.0,99.03,0.772,8.0,0,0,20.96999999999999
2019-12-02 04:00:00,-2.8,-4.1,91.0,99.05,0.882,8.0,0,0,20.98333333333333
2019-12-02 05:00:00,-3.0,-4.3,91.0,99.09,0.748,8.0,0,0,20.75666666666667
2019-12-02 06:00:00,-2.8,-4.3,90.0,99.18,0.716,8.0,0,0,20.46
2019-12-02 07:00:00,-2.7,-4.3,88.0,99.23,0.71,8.0,0,0,20.533333333333335
2019-12-02 11:00:00,-1.7,-3.7,86.0,99.53,0.6779999999999999,2.0,1,1,22.286666666666658
2019-12-02 12:00:00,-0.9,-4.1,79.0,99.53,0.698,2.0,1,1,22.339999999999986
2019-12-02 13:00:00,-1.0,-3.9,80.0,99.54,0.684,2.0,1,1,22.363333333333323
2019-12-02 14:00:00,-1.1,-3.9,81.0,99.54,0.828,8.0,1,1,22.543333333333344
2019-12-02 15:00:00,-0.9,-4.0,79.0,99.59,0.778,2.0,1,1,22.529999999999994
2019-12-02 17:00:00,-0.4,-5.4,69.0,99.73,0.848,4.0,0,1,22.40333333333333
2019-12-02 18:00:00,-0.8,-7.2,62.0,99.8,0.94,8.0,0,1,22.429999999999986
2019-12-02 19:00:00,-0.8,-6.9,64.0,99.82,0.7340000000000001,8.0,0,1,22.60333333333335
2019-12-02 20:00:00,-0.6,-6.8,63.0,99.84,0.7879999999999999,7.0,0,1,22.326666666666664
2019-12-02 21:00:00,-0.4,-6.4,64.0,99.88,0.754,7.0,0,1,22.34666666666666
2019-12-02 22:00:00,-1.3,-7.8,61.0,99.87,0.7979999999999999,7.0,0,1,22.213333333333342
2019-12-02 23:00:00,-2.1,-8.5,61.0,99.85,0.792,8.0,0,1,21.9
2019-12-03 00:00:00,-2.6,-9.9,57.0,99.83,1.3780000000000001,7.0,0,1,22.076666666666668
2019-12-03 01:00:00,-3.3,-10.1,59.0,99.8,1.11,7.0,0,1,21.253333333333345
2019-12-03 02:00:00,-4.7,-9.9,67.0,99.77,0.762,4.0,0,0,20.979999999999997
2019-12-03 03:00:00,-4.9,-10.1,67.0,99.76,0.8220000000000001,2.0,0,0,20.923333333333325
2019-12-03 04:00:00,-5.6,-10.0,71.0,99.73,0.748,1.0,0,0,20.853333333333328
2019-12-03 05:00:00,-5.2,-9.6,71.0,99.63,0.748,0.0,0,0,20.72333333333332
2019-12-03 06:00:00,-5.6,-9.4,75.0,99.6,0.502,0.0,0,0,20.650000000000013
2019-12-03 07:00:00,-6.3,-9.8,76.0,99.6,0.24,0.0,0,0,20.853333333333328
2019-12-03 08:00:00,-5.6,-9.4,74.0,99.5,0.14400000000000002,3.0,1,1,21.15333333333334
2019-12-03 09:00:00,-3.5,-8.7,67.0,99.49,0.102,3.0,1,1,22.206666666666656
2019-12-03 10:00:00,-2.6,-9.5,59.0,99.51,0.08199999999999999,5.0,1,1,22.66666666666668
2019-12-03 11:00:00,-1.4,-8.7,57.0,99.45,0.09,6.0,1,1,22.53000000000001
2019-12-03 12:00:00,0.1,-6.8,60.0,99.31,0.084,6.0,1,1,22.463333333333328
2019-12-03 13:00:00,0.5,-4.9,67.0,99.18,0.10400000000000001,2.0,1,1,22.27666666666668
2019-12-03 14:00:00,1.6,-3.2,70.0,99.14,0.46399999999999997,2.0,1,1,22.02333333333333
2019-12-03 15:00:00,1.2,-3.2,72.0,99.11,0.754,2.0,1,1,22.086666666666666
2019-12-03 16:00:00,0.8,-3.6,73.0,99.03,0.738,7.0,1,1,22.426666666666666
2019-12-03 17:00:00,0.5,-3.4,75.0,98.94,0.72,8.0,0,1,22.28333333333334
2019-12-03 18:00:00,0.4,-3.1,78.0,98.94,1.162,7.0,0,1,22.756666666666653
2019-12-03 19:00:00,0.0,-2.7,82.0,98.88,0.87,8.0,0,1,22.746666666666663
2019-12-03 20:00:00,-0.4,-2.1,88.0,98.8,0.78,8.0,0,1,22.929999999999993
2019-12-03 21:00:00,0.0,-1.6,89.0,98.73,0.764,8.0,0,1,23.04000000000001
2019-12-03 22:00:00,0.2,-1.4,89.0,98.67,0.758,8.0,0,1,23.013333333333335
2019-12-03 23:00:00,0.5,-1.9,84.0,98.6,0.8059999999999999,8.0,0,1,22.893333333333334
2019-12-04 00:00:00,0.8,-2.9,76.0,98.55,1.4480000000000002,5.0,0,1,21.870000000000008
2019-12-04 01:00:00,0.9,-2.6,78.0,98.46,0.802,8.0,0,1,21.49999999999999
2019-12-04 02:00:00,1.0,-2.3,79.0,98.41,0.9179999999999999,8.0,0,1,21.21
2019-12-04 03:00:00,1.2,-2.0,79.0,98.39,0.9079999999999999,8.0,0,1,21.100000000000012
2019-12-04 04:00:00,1.1,-1.4,84.0,98.31,0.8759999999999999,8.0,0,1,21.133333333333344
2019-12-04 05:00:00,1.4,-1.2,83.0,98.27,0.57,8.0,0,1,21.09666666666667
2019-12-04 06:00:00,1.6,-0.6,86.0,98.25,0.09,8.0,0,1,21.02666666666666
2019-12-04 07:00:00,1.5,-0.6,86.0,98.26,0.08199999999999999,8.0,0,0,20.973333333333336
2019-12-04 08:00:00,1.9,-0.5,84.0,98.23,0.07,8.0,1,1,21.033333333333342
2019-12-04 09:00:00,1.9,-0.7,83.0,98.22,0.172,8.0,1,0,20.993333333333336
2019-12-04 10:00:00,2.4,-0.7,80.0,98.19,0.11599999999999999,8.0,1,1,21.11333333333334
2019-12-04 11:00:00,2.8,-0.7,78.0,98.19,0.11199999999999999,8.0,1,1,21.15333333333333
2019-12-04 12:00:00,4.0,-1.7,66.0,98.14,0.07200000000000001,8.0,1,1,21.176666666666673
2019-12-04 13:00:00,3.7,-2.2,65.0,98.11,0.084,8.0,1,0,20.790000000000006
2019-12-04 14:00:00,3.8,-1.7,67.0,98.11,0.218,8.0,1,0,20.463333333333324
2019-12-04 15:00:00,3.7,-2.4,64.0,98.17,0.19,8.0,1,0,20.623333333333335
2019-12-04 16:00:00,3.3,-1.9,69.0,98.22,0.126,7.0,1,1,21.420000000000012
2019-12-04 17:00:00,2.7,-1.2,75.0,98.3,0.08,8.0,0,1,21.716666666666654
2019-12-04 18:00:00,2.7,-0.7,78.0,98.36,0.16399999999999998,8.0,0,1,21.743333333333336
2019-12-04 19:00:00,2.5,-0.4,81.0,98.42,0.25,8.0,0,1,21.406666666666673
2019-12-04 20:00:00,2.9,-1.6,72.0,98.47,0.162,8.0,0,1,21.313333333333343
2019-12-04 21:00:00,2.7,-1.7,73.0,98.53,0.728,8.0,0,1,22.123333333333346
2019-12-04 22:00:00,2.6,-1.7,74.0,98.56,0.88,8.0,0,1,22.653333333333332
2019-12-04 23:00:00,2.1,-2.6,71.0,98.63,0.804,8.0,0,1,22.91999999999999
2019-12-05 00:00:00,1.9,-3.6,67.0,98.71,0.38,8.0,0,1,22.91
2019-12-05 01:00:00,1.5,-3.8,68.0,98.79,1.464,8.0,0,1,21.746666666666673
2019-12-05 02:00:00,1.2,-5.5,61.0,98.9,0.138,7.0,0,1,21.360000000000007
2019-12-05 03:00:00,0.9,-6.1,60.0,99.01,0.9079999999999999,7.0,0,1,21.206666666666674
2019-12-05 04:00:00,0.8,-7.5,54.0,99.1,0.82,7.0,0,1,21.09333333333334
2019-12-05 05:00:00,0.8,-7.1,55.0,99.18,0.968,7.0,0,1,21.100000000000012
2019-12-05 06:00:00,0.6,-4.7,67.0,99.26,0.5660000000000001,7.0,0,1,21.05
2019-12-05 07:00:00,0.0,-3.6,76.0,99.37,0.07,7.0,0,0,20.829999999999988
2019-12-05 08:00:00,0.2,-4.8,69.0,99.47,0.07,5.0,1,0,20.84333333333333
2019-12-05 09:00:00,0.4,-6.2,61.0,99.57,0.09,6.0,1,1,21.163333333333338
2019-12-05 10:00:00,-0.5,-4.6,74.0,99.69,0.076,7.0,1,1,21.79666666666666
2019-12-05 11:00:00,-0.1,-5.1,69.0,99.75,0.07,7.0,1,1,22.64999999999999
2019-12-05 12:00:00,1.0,-5.8,60.0,99.78,0.07,7.0,1,1,22.996666666666673
2019-12-05 13:00:00,0.7,-6.3,59.0,99.82,0.078,8.0,1,1,23.013333333333332
2019-12-05 14:00:00,0.7,-7.5,54.0,99.89,0.336,7.0,1,1,22.61666666666667
2019-12-05 15:00:00,0.6,-8.0,53.0,100.0,0.3,8.0,1,1,21.900000000000013
2019-12-05 16:00:00,0.8,-7.8,53.0,100.09,0.76,8.0,1,1,21.206666666666667
2019-12-05 17:00:00,0.3,-7.1,58.0,100.18,0.8759999999999999,7.0,0,1,22.006666666666657
2019-12-05 18:00:00,-0.3,-7.6,58.0,100.29,0.828,7.0,0,1,22.443333333333328
2019-12-05 19:00:00,-0.7,-7.2,61.0,100.38,0.8240000000000001,6.0,0,1,22.32
2019-12-05 20:00:00,-0.1,-7.0,60.0,100.39,0.38799999999999996,5.0,0,1,22.863333333333326
2019-12-05 21:00:00,0.1,-6.7,60.0,100.37,0.56,4.0,0,1,22.94333333333333
2019-12-05 22:00:00,0.6,-6.0,61.0,100.38,0.528,3.0,0,1,22.943333333333324
2019-12-05 23:00:00,0.6,-4.5,69.0,100.38,0.818,2.0,0,1,22.71333333333333
2019-12-06 00:00:00,0.6,-4.9,66.0,100.34,0.77,5.0,0,1,22.229999999999993
2019-12-06 01:00:00,0.4,-5.1,67.0,100.29,0.87,7.0,0,1,21.573333333333334
2019-12-06 02:00:00,0.4,-5.3,66.0,100.25,1.516,7.0,0,1,21.323333333333345
2019-12-06 03:00:00,0.1,-4.1,73.0,100.22,0.7879999999999999,7.0,0,1,21.103333333333342
2019-12-06 04:00:00,0.0,-3.5,77.0,100.11,0.81,8.0,0,0,20.906666666666652
2019-12-06 05:00:00,0.4,-2.3,82.0,99.97,0.764,8.0,0,0,20.753333333333337
2019-12-06 06:00:00,0.4,-1.3,88.0,99.92,0.172,8.0,0,0,20.560000000000002
2019-12-06 07:00:00,0.4,-0.8,92.0,99.88,0.11599999999999999,8.0,0,0,20.5
2019-12-06 08:00:00,-0.1,-1.3,92.0,99.83,0.098,8.0,1,0,20.47333333333334
2019-12-06 09:00:00,-0.1,-1.2,92.0,99.87,0.098,8.0,1,0,20.603333333333342
2019-12-06 10:00:00,0.1,-1.2,91.0,99.95,0.098,8.0,1,0,20.593333333333348
2019-12-06 15:00:00,0.1,-5.4,66.0,100.41,0.168,2.0,1,0,19.98333333333333
2019-12-06 16:00:00,-0.4,-6.5,63.0,100.54,0.156,8.0,1,0,19.529999999999994
2019-12-06 17:00:00,-0.8,-7.0,63.0,100.63,0.598,7.0,0,0,19.130000000000006
2019-12-06 18:00:00,-1.1,-6.7,65.0,100.71,0.89,3.0,0,0,19.056666666666665
2019-12-06 19:00:00,-0.9,-6.0,68.0,100.8,0.914,4.0,0,0,19.980000000000004
2019-12-06 20:00:00,-0.3,-5.4,68.0,100.85,0.142,1.0,0,0,20.713333333333342
2019-12-06 21:00:00,-0.8,-7.0,63.0,100.88,0.188,1.0,0,0,20.81333333333333
2019-12-06 22:00:00,-1.7,-8.1,61.0,100.95,0.19,1.0,0,1,21.073333333333345
2019-12-06 23:00:00,-2.3,-8.3,63.0,101.03,0.094,5.0,0,1,21.229999999999997
2019-12-07 00:00:00,-2.7,-8.4,65.0,101.05,0.502,6.0,0,1,21.496666666666673
2019-12-07 01:00:00,-2.9,-8.5,65.0,101.11,1.286,6.0,0,1,21.376666666666665
2019-12-07 02:00:00,-2.3,-8.3,64.0,101.15,0.7440000000000001,3.0,0,0,20.806666666666676
2019-12-07 03:00:00,-2.5,-8.6,63.0,101.2,0.728,1.0,0,0,20.740000000000006
2019-12-07 04:00:00,-2.8,-8.7,64.0,101.25,0.738,1.0,0,0,20.673333333333343
2019-12-07 05:00:00,-3.0,-9.1,63.0,101.27,0.73,1.0,0,0,20.64333333333334
2019-12-07 06:00:00,-3.4,-8.9,66.0,101.33,0.726,6.0,0,0,20.573333333333338
2019-12-07 07:00:00,-3.6,-9.1,66.0,101.38,0.21600000000000003,7.0,0,0,20.520000000000003
2019-12-07 08:00:00,-3.7,-9.3,65.0,101.47,0.07,7.0,1,0,20.606666666666676
2019-12-07 09:00:00,-3.4,-9.2,64.0,101.54,0.08800000000000001,6.0,1,0,20.413333333333323
2019-12-07 10:00:00,-3.1,-9.3,62.0,101.6,0.068,5.0,1,0,20.436666666666664
2019-12-07 11:00:00,-2.0,-9.3,57.0,101.63,0.09,6.0,1,0,20.44666666666667
2019-12-07 12:00:00,-2.0,-9.5,56.0,101.64,0.066,6.0,1,0,20.153333333333332
2019-12-07 13:00:00,-1.7,-9.1,57.0,101.62,0.18600000000000003,7.0,1,0,20.09666666666666
2019-12-07 14:00:00,-1.2,-8.2,59.0,101.6,0.19399999999999998,7.0,1,0,20.05666666666666
2019-12-07 15:00:00,-1.2,-7.6,62.0,101.61,0.182,7.0,1,0,19.839999999999996
2019-12-07 16:00:00,-1.0,-6.7,65.0,101.59,0.20600000000000002,7.0,1,0,19.59333333333333
2019-12-07 17:00:00,-0.9,-6.8,64.0,101.59,0.218,8.0,0,0,19.493333333333332
2019-12-07 18:00:00,-1.0,-6.3,67.0,101.63,0.098,8.0,0,0,19.51000000000001
2019-12-07 19:00:00,-1.3,-6.3,68.0,101.59,0.096,7.0,0,0,19.35666666666666
2019-12-07 20:00:00,-0.4,-5.3,69.0,101.56,0.08800000000000001,6.0,0,0,19.470000000000013
2019-12-07 21:00:00,-0.1,-5.9,65.0,101.52,0.096,5.0,0,0,20.12333333333334
2019-12-07 22:00:00,-0.1,-5.3,68.0,101.47,0.07,4.0,0,0,20.136666666666674
2019-12-07 23:00:00,-0.2,-5.2,69.0,101.45,0.09,5.0,0,0,20.12000000000001
2019-12-08 00:00:00,0.0,-4.7,71.0,101.38,0.07200000000000001,0.0,0,0,20.123333333333335
2019-12-08 01:00:00,0.4,-3.7,74.0,101.3,0.07200000000000001,1.0,0,0,19.720000000000002
2019-12-08 02:00:00,0.5,-3.5,75.0,101.27,0.64,1.0,0,0,19.60333333333334
2019-12-08 03:00:00,1.2,-2.2,78.0,101.23,0.36,0.0,0,0,19.630000000000003
2019-12-08 04:00:00,1.4,-2.0,78.0,101.13,0.124,0.0,0,0,19.73333333333334
2019-12-08 05:00:00,1.5,-2.3,76.0,101.05,0.11800000000000001,1.0,0,0,19.75333333333333
2019-12-08 06:00:00,1.9,-2.4,73.0,100.99,0.10800000000000001,1.0,0,0,19.796666666666667
2019-12-08 07:00:00,2.3,-2.7,70.0,100.9,0.08199999999999999,3.0,0,0,19.810000000000002
2019-12-08 08:00:00,2.4,-3.0,67.0,100.81,0.066,1.0,1,0,19.963333333333335
2019-12-08 09:00:00,3.0,-3.9,61.0,100.76,0.092,1.0,1,0,20.126666666666676
2019-12-08 10:00:00,3.6,-4.5,55.0,100.67,0.066,6.0,1,0,20.103333333333346
2019-12-08 11:00:00,4.0,-4.0,56.0,100.56,0.076,7.0,1,0,20.493333333333332
2019-12-08 12:00:00,4.6,-3.4,56.0,100.43,0.08,7.0,1,1,21.16666666666667
2019-12-08 13:00:00,5.0,-3.6,54.0,100.28,0.068,7.0,1,1,21.353333333333335
2019-12-08 14:00:00,5.3,-1.3,62.0,100.19,0.19399999999999998,8.0,1,1,21.44666666666667
2019-12-08 15:00:00,5.2,-0.6,66.0,100.14,0.11199999999999999,8.0,1,1,21.083333333333332
2019-12-08 16:00:00,5.2,0.1,70.0,100.12,0.12,7.0,1,1,21.446666666666662
2019-12-08 17:00:00,5.5,0.7,71.0,100.09,0.49,8.0,0,1,21.463333333333328
2019-12-08 18:00:00,5.8,1.3,73.0,100.03,0.69,8.0,0,1,21.579999999999988
2019-12-08 19:00:00,6.3,2.2,75.0,100.04,0.62,8.0,0,1,21.48333333333333
2019-12-08 20:00:00,6.5,2.3,74.0,100.04,0.486,8.0,0,1,21.413333333333338
2019-12-08 21:00:00,7.2,2.8,74.0,100.03,0.71,8.0,0,1,21.430000000000007
2019-12-08 22:00:00,7.1,2.6,73.0,100.04,0.6859999999999999,8.0,0,1,22.036666666666665
2019-12-08 23:00:00,7.4,2.9,73.0,100.03,0.632,8.0,0,1,21.673333333333343
2019-12-09 00:00:00,7.2,2.5,72.0,100.0,0.596,8.0,0,1,21.93666666666667
2019-12-09 01:00:00,7.4,2.6,72.0,99.98,0.6920000000000001,8.0,0,1,21.28333333333334
2019-12-09 02:00:00,7.2,3.2,76.0,99.95,0.612,7.0,0,1,21.05
2019-12-09 03:00:00,7.2,3.3,76.0,99.93,0.586,7.0,0,0,20.936666666666657
2019-12-09 04:00:00,6.7,3.8,81.0,99.87,0.37,7.0,0,0,20.899999999999988
2019-12-09 05:00:00,7.2,3.4,77.0,99.8,0.276,8.0,0,0,20.819999999999997
2019-12-09 06:00:00,7.4,2.7,72.0,99.76,0.51,5.0,0,0,20.82333333333333
2019-12-09 07:00:00,7.9,2.7,69.0,99.68,0.092,8.0,0,0,20.799999999999997
2019-12-09 08:00:00,7.8,1.6,65.0,99.62,0.084,8.0,1,0,20.863333333333326
2019-12-09 09:00:00,7.6,1.4,65.0,99.53,0.086,8.0,1,1,21.14
2019-12-09 10:00:00,7.9,0.8,61.0,99.41,0.086,8.0,1,1,21.313333333333325
2019-12-09 11:00:00,7.0,2.7,74.0,99.24,0.08199999999999999,8.0,1,1,21.419999999999984
2019-12-09 12:00:00,6.4,4.5,87.0,99.04,0.084,8.0,1,1,21.53333333333332
2019-12-09 13:00:00,6.5,5.1,91.0,98.84,0.078,8.0,1,1,21.696666666666665
2019-12-09 14:00:00,7.0,5.7,91.0,98.6,0.172,8.0,1,1,21.670000000000005
2019-12-09 15:00:00,7.4,6.0,91.0,98.49,0.226,8.0,1,1,21.573333333333338
2019-12-09 16:00:00,7.6,6.2,91.0,98.35,0.17600000000000002,8.0,1,1,21.476666666666663
2019-12-09 17:00:00,7.6,6.3,91.0,98.28,0.17,7.0,0,1,21.463333333333328
2019-12-09 18:00:00,8.2,6.8,91.0,98.26,0.82,4.0,0,1,21.746666666666666
2019-12-09 20:00:00,8.8,7.1,89.0,98.29,0.922,4.0,0,1,22.536666666666655
2019-12-09 22:00:00,9.0,6.9,87.0,98.28,0.76,6.0,0,1,21.923333333333325
2019-12-09 23:00:00,9.6,7.1,85.0,98.25,0.802,8.0,0,1,21.73666666666667
2019-12-10 00:00:00,9.7,6.9,83.0,98.27,1.93,8.0,0,1,21.553333333333335
2019-12-10 01:00:00,9.6,6.5,81.0,98.27,1.036,8.0,0,1,21.386666666666674
2019-12-10 02:00:00,10.5,6.2,75.0,98.35,0.91,8.0,0,1,21.100000000000012
2019-12-10 03:00:00,8.7,4.4,74.0,98.54,0.484,8.0,0,1,21.080000000000005
2019-12-10 04:00:00,7.8,1.5,64.0,98.69,0.316,8.0,0,1,21.066666666666677
2019-12-10 05:00:00,6.2,-0.3,63.0,98.76,0.322,8.0,0,0,20.996666666666666
2019-12-10 06:00:00,4.7,-1.3,65.0,98.92,0.294,6.0,0,0,20.91666666666666
2019-12-10 07:00:00,3.6,-2.1,66.0,99.09,0.094,4.0,0,0,20.90999999999999
2019-12-10 08:00:00,3.0,-3.1,64.0,99.27,0.08,2.0,1,0,20.946666666666655
2019-12-10 09:00:00,2.3,-4.7,60.0,99.4,0.086,4.0,1,0,20.816666666666663
2019-12-10 10:00:00,2.3,-4.7,60.0,99.53,0.086,4.0,1,0,20.873333333333335
2019-12-10 11:00:00,2.2,-4.9,59.0,99.68,0.076,4.0,1,1,21.686666666666664
2019-12-10 12:00:00,2.1,-6.6,53.0,99.7,0.08800000000000001,7.0,1,1,22.476666666666674
2019-12-10 13:00:00,1.4,-7.0,54.0,99.73,0.076,7.0,1,1,22.689999999999994
2019-12-10 14:00:00,0.7,-8.0,52.0,99.84,0.09,7.0,1,1,23.08000000000002
2019-12-10 15:00:00,0.2,-8.8,51.0,99.94,0.25,7.0,1,1,23.21666666666668
2019-12-10 16:00:00,-1.2,-9.0,55.0,100.14,0.188,8.0,1,1,23.079999999999995
2019-12-10 17:00:00,-2.0,-10.2,53.0,100.3,0.9740000000000001,7.0,0,1,22.536666666666658
2019-12-10 18:00:00,-3.2,-10.9,55.0,100.49,0.73,8.0,0,1,22.76000000000001
2019-12-10 19:00:00,-4.0,-11.4,57.0,100.68,0.758,7.0,0,1,22.57999999999999
2019-12-10 20:00:00,-4.3,-12.0,55.0,100.73,0.7340000000000001,7.0,0,1,22.15666666666666
2019-12-10 21:00:00,-4.8,-11.7,59.0,100.81,0.7879999999999999,8.0,0,1,21.99
2019-12-10 22:00:00,-4.9,-11.4,60.0,100.84,0.446,7.0,0,1,21.859999999999996
2019-12-10 23:00:00,-5.1,-11.1,63.0,100.83,0.21600000000000003,3.0,0,1,21.799999999999997
2019-12-11 00:00:00,-5.3,-11.0,64.0,100.84,1.508,2.0,0,1,21.62666666666666
2019-12-11 01:00:00,-4.7,-10.7,63.0,100.83,0.17600000000000002,0.0,0,1,21.16000000000001
2019-12-11 02:00:00,-4.0,-9.3,67.0,100.77,0.24600000000000002,1.0,0,0,20.999999999999996
2019-12-11 03:00:00,-3.5,-8.3,69.0,100.81,0.2,1.0,0,0,20.856666666666662
2019-12-11 04:00:00,-4.2,-9.1,69.0,100.8,0.172,1.0,0,0,20.90333333333333
2019-12-11 05:00:00,-5.0,-9.4,71.0,100.8,0.16,1.0,0,0,20.936666666666657
2019-12-11 06:00:00,-5.1,-10.0,68.0,100.82,0.19399999999999998,6.0,0,0,20.74666666666666
2019-12-11 07:00:00,-4.6,-10.7,62.0,100.84,0.076,1.0,0,0,20.933333333333334
2019-12-11 08:00:00,-4.0,-11.9,54.0,100.84,0.076,1.0,1,1,21.143333333333324
2019-12-11 09:00:00,-3.7,-11.8,53.0,100.84,0.076,1.0,1,1,21.606666666666673
2019-12-11 10:00:00,-3.1,-10.4,57.0,100.79,0.07400000000000001,2.0,1,1,21.566666666666666
2019-12-11 11:00:00,-3.4,-10.4,58.0,100.78,0.07400000000000001,6.0,1,1,21.59666666666668
2019-12-11 12:00:00,-3.0,-13.6,44.0,100.71,0.07400000000000001,7.0,1,1,21.489999999999995
2019-12-11 13:00:00,-2.3,-12.8,45.0,100.64,0.07200000000000001,7.0,1,1,21.34666666666666
2019-12-11 14:00:00,-2.4,-13.5,42.0,100.76,0.25,7.0,1,1,21.41333333333333
2019-12-11 15:00:00,-3.2,-11.9,51.0,100.9,0.11,5.0,1,1,21.389999999999986
2019-12-11 16:00:00,-4.1,-12.2,53.0,101.11,0.098,5.0,1,1,21.269999999999992
2019-12-11 17:00:00,-5.5,-14.1,50.0,101.3,0.17600000000000002,6.0,0,1,21.34999999999999
2019-12-11 18:00:00,-6.1,-14.3,52.0,101.47,0.17800000000000002,6.0,0,1,21.530000000000012
2019-12-11 19:00:00,-6.2,-14.3,53.0,101.59,0.14800000000000002,7.0,0,1,22.173333333333346
2019-12-11 20:00:00,-6.3,-14.4,53.0,101.66,0.15,6.0,0,1,22.05666666666667
2019-12-11 21:00:00,-6.2,-14.5,52.0,101.75,0.152,5.0,0,1,21.73666666666667
2019-12-11 22:00:00,-6.3,-14.3,53.0,101.81,0.162,5.0,0,1,21.77666666666666
2019-12-11 23:00:00,-6.1,-14.3,53.0,101.87,0.17600000000000002,2.0,0,1,21.836666666666652
2019-12-12 00:00:00,-6.3,-14.4,53.0,101.94,0.578,2.0,0,1,21.879999999999992
2019-12-12 01:00:00,-6.4,-14.1,54.0,101.95,0.7120000000000001,1.0,0,1,21.800000000000004
2019-12-12 02:00:00,-6.5,-13.8,56.0,102.03,0.136,1.0,0,1,21.42666666666665
2019-12-12 03:00:00,-6.4,-13.4,58.0,102.08,0.256,1.0,0,1,21.240000000000006
2019-12-12 04:00:00,-6.6,-12.7,62.0,102.16,0.242,1.0,0,1,21.116666666666674
2019-12-12 05:00:00,-7.0,-12.5,64.0,102.17,0.34600000000000003,1.0,0,0,20.92999999999999
2019-12-12 06:00:00,-7.1,-12.4,66.0,102.21,0.43799999999999994,0.0,0,0,20.773333333333348
2019-12-12 07:00:00,-6.7,-11.7,68.0,102.24,0.228,0.0,0,0,20.703333333333326
2019-12-12 08:00:00,-6.8,-12.0,66.0,102.26,0.078,1.0,1,1,21.693333333333328
2019-12-12 09:00:00,-5.9,-12.1,61.0,102.34,0.08,1.0,1,1,21.740000000000006
2019-12-12 10:00:00,-4.8,-11.3,60.0,102.33,0.084,1.0,1,1,21.336666666666662
2019-12-12 11:00:00,-4.1,-11.6,56.0,102.26,0.07400000000000001,1.0,1,1,21.14333333333335
2019-12-12 12:00:00,-3.7,-10.6,59.0,102.17,0.07200000000000001,3.0,1,1,21.13000000000001
2019-12-12 13:00:00,-3.5,-8.7,67.0,102.06,0.654,2.0,1,1,21.06666666666667
2019-12-12 14:00:00,-3.3,-8.3,68.0,101.94,0.9620000000000001,2.0,1,1,21.143333333333334
2019-12-12 15:00:00,-2.1,-7.0,69.0,101.86,0.1,5.0,1,1,21.07
2019-12-12 16:00:00,-1.2,-6.0,70.0,101.78,0.1,6.0,1,0,20.84333333333333
2019-12-12 17:00:00,-0.3,-7.8,57.0,101.68,0.17800000000000002,8.0,0,0,20.703333333333333
2019-12-12 18:00:00,0.0,-7.7,56.0,101.6,0.128,8.0,0,0,20.68666666666667
2019-12-12 19:00:00,0.3,-7.7,55.0,101.46,0.14800000000000002,8.0,0,0,20.73666666666667
2019-12-12 20:00:00,0.4,-7.4,56.0,101.37,0.366,8.0,0,0,20.906666666666663
2019-12-12 21:00:00,0.7,-7.0,56.0,101.26,0.17600000000000002,8.0,0,1,21.39333333333332
2019-12-12 22:00:00,0.9,-6.1,59.0,101.2,0.17,8.0,0,1,21.250000000000007
2019-12-12 23:00:00,1.5,-5.5,60.0,101.1,0.10400000000000001,7.0,0,0,20.963333333333324
2019-12-13 00:00:00,1.7,-6.0,57.0,100.99,0.10800000000000001,7.0,0,1,21.060000000000013
2019-12-13 01:00:00,1.8,-4.7,62.0,100.9,0.12,7.0,0,0,20.949999999999985
2019-12-13 02:00:00,2.6,-4.4,60.0,100.88,0.38799999999999996,5.0,0,0,20.823333333333323
2019-12-13 03:00:00,2.0,-3.8,65.0,100.86,0.214,5.0,0,0,20.72333333333334
2019-12-13 04:00:00,2.2,-3.5,66.0,100.81,0.18,2.0,0,0,20.64666666666666
2019-12-13 05:00:00,1.9,-3.5,67.0,100.77,0.14400000000000002,2.0,0,0,20.506666666666668
2019-12-13 06:00:00,2.3,-3.3,66.0,100.75,0.136,2.0,0,0,20.600000000000012
2019-12-13 07:00:00,2.2,-3.6,65.0,100.72,0.084,2.0,0,0,20.553333333333338
2019-12-13 08:00:00,2.6,-3.0,67.0,100.72,0.076,1.0,1,1,21.026666666666685
2019-12-13 09:00:00,3.7,-2.9,62.0,100.73,0.076,1.0,1,1,21.27333333333332
2019-12-13 10:00:00,3.6,-3.9,58.0,100.76,0.172,1.0,1,1,21.23666666666667
2019-12-13 11:00:00,4.3,-3.9,55.0,100.67,0.106,2.0,1,0,20.880000000000006
2019-12-13 12:00:00,4.7,-3.9,53.0,100.59,0.08199999999999999,6.0,1,0,20.85666666666667
2019-12-13 13:00:00,5.3,-4.4,49.0,100.5,0.078,6.0,1,0,20.97333333333332
2019-12-13 14:00:00,4.8,-4.7,50.0,100.41,0.102,7.0,1,0,20.50999999999999
2019-12-13 15:00:00,4.9,-3.6,54.0,100.35,0.13,7.0,1,0,20.026666666666653
2019-12-13 16:00:00,4.5,-3.4,56.0,100.29,0.3,7.0,1,0,19.683333333333337
2019-12-13 17:00:00,3.8,-2.0,66.0,100.27,0.126,7.0,0,0,19.456666666666656
2019-12-13 18:00:00,3.8,-1.5,68.0,100.18,0.58,7.0,0,0,19.45333333333333
2019-12-13 19:00:00,4.3,-1.1,68.0,100.1,0.192,8.0,0,0,19.29333333333334
2019-12-13 20:00:00,4.5,-0.6,70.0,100.05,0.122,7.0,0,0,19.2
2019-12-13 21:00:00,4.7,-0.6,68.0,99.99,0.07200000000000001,8.0,0,0,19.19333333333333
2019-12-13 22:00:00,4.8,-0.3,69.0,99.96,0.102,7.0,0,0,19.116666666666678
2019-12-13 23:00:00,4.6,-0.4,70.0,99.87,0.128,6.0,0,0,19.249999999999996
2019-12-14 00:00:00,4.7,-0.4,70.0,99.78,0.124,7.0,0,0,19.3
2019-12-14 01:00:00,4.3,-0.1,73.0,99.6,0.086,7.0,0,0,19.3
2019-12-14 02:00:00,3.8,0.8,81.0,99.52,0.08800000000000001,7.0,0,0,19.343333333333327
2019-12-14 03:00:00,3.5,1.9,89.0,99.41,0.086,7.0,0,0,19.753333333333327
2019-12-14 04:00:00,3.5,2.0,90.0,99.27,0.084,7.0,0,0,19.939999999999987
2019-12-14 05:00:00,3.3,1.9,90.0,99.16,0.08199999999999999,7.0,0,0,19.869999999999997
2019-12-14 06:00:00,3.2,1.9,91.0,99.05,0.09,8.0,0,0,19.859999999999992
2019-12-14 07:00:00,3.2,1.9,91.0,98.89,0.086,7.0,0,0,19.783333333333335
2019-12-14 08:00:00,3.2,1.8,90.0,98.84,0.086,8.0,1,0,19.873333333333328
2019-12-14 09:00:00,2.9,1.4,90.0,98.71,0.226,8.0,1,0,19.929999999999996
2019-12-14 10:00:00,2.8,1.4,91.0,98.62,0.096,7.0,1,0,20.136666666666667
2019-12-14 11:00:00,2.5,1.0,90.0,98.53,0.07200000000000001,5.0,1,0,20.61333333333333
2019-12-14 12:00:00,1.9,0.5,91.0,98.31,0.064,8.0,1,0,20.973333333333336
2019-12-14 13:00:00,1.9,0.5,91.0,98.14,0.07400000000000001,8.0,1,1,21.14333333333334
2019-12-14 14:00:00,1.4,0.0,91.0,98.11,0.064,4.0,1,1,21.253333333333337
2019-12-14 15:00:00,1.5,0.2,91.0,98.06,0.07400000000000001,4.0,1,0,20.966666666666654
2019-12-14 16:00:00,1.7,0.2,90.0,98.09,0.22,4.0,1,0,20.849999999999987
2019-12-14 17:00:00,2.1,0.1,87.0,98.1,0.14,5.0,0,0,20.979999999999997
2019-12-14 21:00:00,3.1,0.1,81.0,98.27,0.644,4.0,0,0,20.54
2019-12-14 22:00:00,3.3,0.4,81.0,98.34,0.456,8.0,0,0,20.493333333333332
2019-12-14 23:00:00,2.8,-1.0,76.0,98.4,0.36,8.0,0,0,20.456666666666667
2019-12-15 00:00:00,2.7,-1.6,73.0,98.47,0.222,8.0,0,0,20.493333333333332
2019-12-15 01:00:00,2.5,-2.0,72.0,98.51,0.166,8.0,0,0,20.5
2019-12-15 02:00:00,2.5,-1.8,73.0,98.6,0.14,8.0,0,0,20.980000000000008
2019-12-15 03:00:00,2.4,-2.3,71.0,98.69,0.128,8.0,0,1,21.070000000000004
2019-12-15 04:00:00,2.0,-2.7,71.0,98.77,0.14,8.0,0,0,20.766666666666676
2019-12-15 05:00:00,1.9,-3.8,66.0,98.87,0.128,8.0,0,0,20.783333333333328
2019-12-15 06:00:00,1.6,-4.2,65.0,99.01,0.128,8.0,0,0,20.799999999999997
2019-12-15 07:00:00,1.4,-4.4,65.0,99.16,0.13,8.0,0,0,20.876666666666654
2019-12-15 08:00:00,1.1,-5.5,61.0,99.34,0.16,8.0,1,0,20.93333333333333
2019-12-15 09:00:00,0.8,-6.0,60.0,99.48,0.134,8.0,1,1,21.163333333333338
2019-12-15 10:00:00,0.5,-5.4,65.0,99.66,0.078,8.0,1,1,21.509999999999998
2019-12-15 11:00:00,-0.3,-6.7,62.0,99.79,0.07200000000000001,7.0,1,1,21.330000000000005
2019-12-15 12:00:00,-0.2,-9.5,49.0,99.87,0.07400000000000001,7.0,1,1,21.426666666666677
2019-12-15 13:00:00,-0.5,-8.3,56.0,99.95,0.07200000000000001,8.0,1,1,21.50666666666666
2019-12-15 14:00:00,-0.9,-9.3,53.0,100.07,0.07200000000000001,6.0,1,1,21.55666666666668
2019-12-15 15:00:00,-0.8,-9.6,51.0,100.23,0.08199999999999999,4.0,1,1,22.02333333333333
2019-12-15 16:00:00,-1.9,-7.8,64.0,100.36,0.08800000000000001,6.0,1,1,21.886666666666656
2019-12-15 17:00:00,-2.2,-7.4,67.0,100.47,0.23800000000000002,4.0,0,1,21.91333333333332
2019-12-15 18:00:00,-2.3,-7.9,66.0,100.53,0.146,5.0,0,1,21.84999999999999
2019-12-15 19:00:00,-2.7,-8.4,65.0,100.63,0.122,5.0,0,1,22.750000000000004
2019-12-15 20:00:00,-3.2,-8.7,66.0,100.67,0.81,7.0,0,1,22.343333333333327
2019-12-15 21:00:00,-3.5,-9.3,64.0,100.73,0.526,7.0,0,1,22.243333333333343
2019-12-15 22:00:00,-3.7,-9.9,62.0,100.75,0.36200000000000004,7.0,0,1,22.096666666666685
2019-12-15 23:00:00,-3.3,-9.8,61.0,100.75,0.33399999999999996,7.0,0,1,22.27666666666666
2019-12-16 00:00:00,-3.4,-10.0,60.0,100.76,0.8240000000000001,3.0,0,1,22.24000000000001
2019-12-16 01:00:00,-3.7,-9.4,65.0,100.77,0.91,2.0,0,1,22.129999999999995
2019-12-16 02:00:00,-3.7,-8.9,67.0,100.81,0.156,5.0,0,1,21.670000000000005
2019-12-16 03:00:00,-3.7,-8.8,68.0,100.81,0.146,6.0,0,1,21.49333333333333
2019-12-16 04:00:00,-3.1,-9.0,63.0,100.79,0.316,6.0,0,1,21.399999999999988
2019-12-16 05:00:00,-2.1,-8.1,64.0,100.82,0.43,5.0,0,1,21.35333333333333
2019-12-16 06:00:00,-1.8,-7.5,65.0,100.84,0.408,5.0,0,1,21.200000000000003
2019-12-16 07:00:00,-2.0,-7.5,66.0,100.89,0.222,6.0,0,1,21.120000000000008
2019-12-16 08:00:00,-2.1,-6.9,69.0,100.88,0.08800000000000001,6.0,1,1,21.26333333333333
2019-12-16 09:00:00,-0.6,-7.0,62.0,100.92,0.086,8.0,1,1,21.473333333333322
2019-12-16 10:00:00,0.0,-7.2,58.0,100.97,0.086,8.0,1,1,21.870000000000005
2019-12-16 11:00:00,0.6,-7.0,57.0,100.92,0.084,7.0,1,1,23.00999999999999
2019-12-16 12:00:00,1.0,-8.5,49.0,100.85,0.08199999999999999,7.0,1,1,22.740000000000002
2019-12-16 13:00:00,1.5,-7.1,53.0,100.79,0.076,3.0,1,1,22.320000000000014
2019-12-16 14:00:00,0.9,-7.1,55.0,100.75,0.23399999999999999,8.0,1,1,21.813333333333336
2019-12-16 15:00:00,0.6,-6.9,57.0,100.73,0.16399999999999998,8.0,1,1,21.22333333333334
2019-12-16 16:00:00,0.9,-6.1,60.0,100.75,1.724,7.0,1,0,20.776666666666674
2019-12-16 17:00:00,0.5,-5.6,64.0,100.72,0.856,8.0,0,0,20.466666666666658
2019-12-16 18:00:00,0.7,-5.7,63.0,100.72,0.8220000000000001,8.0,0,0,20.283333333333346
2019-12-16 19:00:00,0.7,-5.7,62.0,100.71,0.838,8.0,0,0,20.126666666666676
2019-12-16 20:00:00,0.7,-5.4,63.0,100.67,0.718,7.0,0,0,20.573333333333334
2019-12-16 21:00:00,0.8,-5.6,62.0,100.56,0.336,7.0,0,1,21.879999999999995
2019-12-16 22:00:00,0.7,-5.2,65.0,100.52,0.124,7.0,0,1,21.77666666666666
2019-12-16 23:00:00,0.3,-5.1,67.0,100.5,0.10800000000000001,8.0,0,1,21.36333333333332
2019-12-17 00:00:00,-0.3,-6.0,65.0,100.43,0.102,8.0,0,1,21.096666666666675
2019-12-17 01:00:00,-0.3,-6.6,63.0,100.38,0.09,8.0,0,1,21.013333333333335
2019-12-17 02:00:00,-0.6,-6.5,64.0,100.31,1.472,8.0,0,0,20.956666666666656
2019-12-17 03:00:00,-1.0,-6.6,66.0,100.25,0.8240000000000001,8.0,0,0,20.879999999999985
2019-12-17 04:00:00,-1.0,-6.7,66.0,100.12,0.37200000000000005,7.0,0,0,20.763333333333343
2019-12-17 05:00:00,-0.8,-6.6,65.0,100.14,0.08,7.0,0,0,20.69666666666667
2019-12-17 06:00:00,-1.0,-6.5,66.0,100.04,0.09,7.0,0,0,20.623333333333335
2019-12-17 07:00:00,-0.8,-6.4,66.0,100.0,0.07200000000000001,7.0,0,0,20.5
2019-12-17 08:00:00,-1.3,-5.8,71.0,99.98,0.09,6.0,1,0,20.366666666666664
2019-12-17 09:00:00,-1.0,-4.6,77.0,99.91,0.07400000000000001,8.0,1,0,20.45
2019-12-17 10:00:00,-0.6,-4.3,76.0,99.9,0.08800000000000001,8.0,1,0,20.339999999999996
2019-12-17 11:00:00,-0.2,-3.9,76.0,99.89,0.076,8.0,1,0,20.20999999999999
2019-12-17 12:00:00,0.1,-6.0,63.0,99.72,0.086,8.0,1,0,20.746666666666652
2019-12-17 13:00:00,0.7,-5.7,63.0,99.69,0.08199999999999999,8.0,1,0,20.89999999999999
2019-12-17 14:00:00,1.0,-6.1,59.0,99.66,0.282,8.0,1,1,21.046666666666678
2019-12-17 15:00:00,1.5,-5.8,58.0,99.65,0.17,8.0,1,0,20.983333333333327
2019-12-17 16:00:00,1.6,-6.3,56.0,99.66,0.19,8.0,1,1,21.073333333333345
2019-12-17 17:00:00,1.4,-6.0,58.0,99.7,0.384,8.0,0,1,21.146666666666665
2019-12-17 18:00:00,0.3,-6.4,61.0,99.76,0.8079999999999999,8.0,0,1,21.32666666666667
2019-12-17 19:00:00,0.2,-7.9,54.0,99.78,0.758,8.0,0,1,22.38333333333333
2019-12-17 20:00:00,-0.3,-7.7,57.0,99.78,0.88,7.0,0,1,22.54999999999999
2019-12-17 21:00:00,-1.3,-7.9,61.0,99.75,0.764,7.0,0,1,22.523333333333337
2019-12-17 22:00:00,-1.5,-7.3,64.0,99.69,0.75,7.0,0,1,22.736666666666657
2019-12-17 23:00:00,-1.4,-6.9,66.0,99.62,0.7979999999999999,7.0,0,1,22.833333333333332
2019-12-18 00:00:00,-1.5,-6.7,68.0,99.56,1.442,7.0,0,1,22.176666666666662
2019-12-18 01:00:00,-1.6,-6.5,69.0,99.51,1.8419999999999999,4.0,0,1,21.486666666666654
2019-12-18 02:00:00,-1.8,-5.6,75.0,99.46,0.818,6.0,0,1,21.256666666666657
2019-12-18 03:00:00,-2.1,-4.3,85.0,99.49,0.94,6.0,0,1,21.24333333333334
2019-12-18 04:00:00,-2.0,-4.4,84.0,99.46,0.978,7.0,0,1,21.163333333333338
2019-12-18 05:00:00,-2.4,-5.6,79.0,99.42,0.542,4.0,0,1,21.106666666666676
2019-12-18 06:00:00,-2.6,-8.2,65.0,99.45,0.23,8.0,0,1,21.053333333333335
2019-12-18 07:00:00,-3.5,-10.1,60.0,99.5,0.092,8.0,0,1,21.050000000000004
2019-12-18 08:00:00,-4.2,-9.5,67.0,99.58,0.094,8.0,1,0,20.86
2019-12-18 09:00:00,-4.2,-9.0,69.0,99.65,0.084,8.0,1,0,20.816666666666674
2019-12-18 10:00:00,-6.2,-11.1,68.0,99.81,0.08,8.0,1,0,20.443333333333324
2019-12-18 11:00:00,-6.6,-13.5,58.0,99.86,0.128,3.0,1,0,20.37
2019-12-18 12:00:00,-7.1,-13.6,60.0,99.89,0.214,3.0,1,0,19.856666666666662
2019-12-18 13:00:00,-8.9,-11.4,82.0,99.97,0.158,3.0,1,0,19.80333333333334
2019-12-18 14:00:00,-8.2,-14.0,63.0,100.07,0.08,5.0,1,0,19.666666666666668
2019-12-18 15:00:00,-8.8,-15.4,59.0,100.19,0.08,8.0,1,0,19.326666666666675
2019-12-18 16:00:00,-8.8,-18.4,46.0,100.33,0.08800000000000001,4.0,1,0,18.99666666666666
2019-12-18 17:00:00,-10.7,-17.8,56.0,100.5,0.07200000000000001,7.0,0,0,19.17333333333333
2019-12-18 19:00:00,-11.6,-19.2,53.0,100.71,0.068,8.0,0,0,19.81
2019-12-18 20:00:00,-11.8,-18.8,56.0,100.79,0.092,6.0,0,0,19.96
2019-12-18 21:00:00,-12.0,-19.1,56.0,100.87,0.07,6.0,0,0,20.03333333333334
2019-12-18 22:00:00,-11.8,-19.4,54.0,100.95,0.086,3.0,0,0,19.993333333333332
2019-12-18 23:00:00,-12.0,-17.8,62.0,101.03,0.07,0.0,0,0,19.47666666666667
2019-12-19 00:00:00,-13.0,-17.8,67.0,101.11,0.08199999999999999,0.0,0,0,19.10333333333334
2019-12-19 01:00:00,-14.1,-18.9,67.0,101.2,0.076,1.0,0,0,19.03999999999999
2019-12-19 02:00:00,-14.3,-20.0,62.0,101.32,0.076,1.0,0,0,18.733333333333334
2019-12-19 03:00:00,-14.9,-21.4,58.0,101.39,0.084,1.0,0,0,18.669999999999998
2019-12-19 04:00:00,-14.7,-20.8,59.0,101.46,0.068,1.0,0,0,18.60666666666668
2019-12-19 05:00:00,-14.6,-20.4,62.0,101.49,0.114,1.0,0,0,18.756666666666664
2019-12-19 06:00:00,-14.2,-20.2,61.0,101.49,0.182,0.0,0,0,18.620000000000005
2019-12-19 07:00:00,-13.1,-18.7,63.0,101.52,0.094,0.0,0,0,18.593333333333337
2019-12-19 08:00:00,-13.0,-18.2,65.0,101.55,0.076,0.0,1,0,18.759999999999998
2019-12-19 09:00:00,-12.0,-17.0,67.0,101.57,0.086,0.0,1,0,19.736666666666665
2019-12-19 10:00:00,-11.3,-16.8,64.0,101.61,0.07400000000000001,3.0,1,0,20.70666666666666
2019-12-19 11:00:00,-10.0,-14.0,73.0,101.64,0.078,5.0,1,1,21.189999999999994
2019-12-19 12:00:00,-9.5,-12.5,79.0,101.56,0.08,7.0,1,1,21.73666666666666
2019-12-19 13:00:00,-9.1,-11.9,80.0,101.45,0.07,8.0,1,1,22.143333333333334
2019-12-19 14:00:00,-7.8,-10.4,82.0,101.37,0.382,8.0,1,1,22.210000000000004
2019-12-19 15:00:00,-7.0,-11.3,71.0,101.33,0.754,8.0,1,1,22.26
2019-12-19 18:00:00,-5.4,-9.4,74.0,101.41,1.114,4.0,0,0,20.443333333333328
2019-12-19 19:00:00,-5.3,-8.1,81.0,101.45,0.762,8.0,0,0,20.520000000000007
2019-12-19 20:00:00,-5.6,-8.0,83.0,101.5,0.87,8.0,0,0,20.89333333333333
2019-12-19 21:00:00,-5.9,-8.3,83.0,101.54,0.778,8.0,0,1,21.65333333333334
2019-12-19 22:00:00,-6.1,-8.5,83.0,101.57,0.24600000000000002,8.0,0,1,21.426666666666655
2019-12-19 23:00:00,-6.4,-8.8,83.0,101.62,0.08800000000000001,8.0,0,1,21.21
2019-12-20 00:00:00,-6.4,-8.8,83.0,101.7,0.12,8.0,0,1,21.30999999999999
2019-12-20 01:00:00,-6.5,-8.8,83.0,101.77,0.602,8.0,0,1,21.299999999999997
2019-12-20 02:00:00,-6.7,-9.3,82.0,101.84,1.25,8.0,0,1,21.376666666666658
2019-12-20 03:00:00,-6.4,-8.8,84.0,101.96,0.46399999999999997,8.0,0,1,21.12000000000001
2019-12-20 04:00:00,-6.8,-8.9,85.0,102.03,0.188,8.0,0,1,21.200000000000003
2019-12-20 05:00:00,-7.2,-9.4,84.0,102.11,0.23800000000000002,7.0,0,1,21.196666666666673
2019-12-20 06:00:00,-8.3,-11.7,76.0,102.21,0.266,7.0,0,1,21.183333333333337
2019-12-20 07:00:00,-8.5,-12.7,72.0,102.31,0.22399999999999998,5.0,0,0,20.983333333333334
2019-12-20 08:00:00,-8.8,-13.2,70.0,102.39,0.16399999999999998,7.0,1,1,21.30333333333334
2019-12-20 09:00:00,-8.2,-13.0,68.0,102.45,0.17600000000000002,8.0,1,1,21.95
2019-12-20 10:00:00,-6.9,-12.5,64.0,102.48,0.098,7.0,1,1,21.41999999999999
2019-12-20 11:00:00,-5.8,-13.0,57.0,102.49,0.098,6.0,1,1,21.05
2019-12-20 12:00:00,-5.0,-13.8,50.0,102.49,0.084,3.0,1,0,20.60333333333333
2019-12-20 13:00:00,-4.0,-14.1,45.0,102.45,0.134,2.0,1,0,20.39999999999999
2019-12-20 14:00:00,-4.2,-13.3,49.0,102.42,0.122,2.0,1,0,20.163333333333345
2019-12-20 15:00:00,-4.3,-12.3,54.0,102.41,0.308,2.0,1,0,19.92333333333332
2019-12-20 16:00:00,-4.7,-12.5,54.0,102.38,0.17,1.0,1,0,19.709999999999994
2019-12-20 17:00:00,-4.8,-10.9,62.0,102.38,0.502,3.0,0,0,20.183333333333326
2019-12-20 18:00:00,-4.7,-10.8,62.0,102.4,0.192,3.0,0,0,20.98333333333333
2019-12-20 19:00:00,-4.5,-9.7,67.0,102.37,0.13,3.0,0,1,21.210000000000004
2019-12-20 20:00:00,-4.1,-9.2,68.0,102.34,0.10800000000000001,3.0,0,1,21.04
2019-12-20 21:00:00,-4.3,-9.1,69.0,102.25,0.128,4.0,0,0,20.796666666666678
2019-12-20 22:00:00,-4.8,-9.3,71.0,102.25,0.07400000000000001,4.0,0,0,20.533333333333335
2019-12-20 23:00:00,-3.1,-8.2,68.0,102.13,0.34600000000000003,1.0,0,0,20.406666666666663
2019-12-21 00:00:00,-3.1,-9.6,61.0,102.11,1.058,1.0,0,0,20.386666666666667
2019-12-21 01:00:00,-3.0,-9.2,63.0,102.11,0.152,4.0,0,0,19.98999999999999
2019-12-21 02:00:00,-2.8,-8.3,66.0,102.01,0.282,4.0,0,0,19.83
2019-12-21 03:00:00,-4.6,-8.4,75.0,101.98,0.31,8.0,0,0,19.913333333333323
2019-12-21 04:00:00,-4.3,-7.8,76.0,101.94,0.304,7.0,0,0,19.95
2019-12-21 05:00:00,-3.8,-7.0,79.0,101.87,0.284,8.0,0,0,20.023333333333337
2019-12-21 06:00:00,-3.2,-6.6,78.0,101.84,0.366,7.0,0,0,20.090000000000014
2019-12-21 07:00:00,-2.2,-5.8,76.0,101.78,0.154,8.0,0,0,20.066666666666674
2019-12-21 08:00:00,-1.9,-6.0,74.0,101.71,0.102,8.0,1,0,20.05
2019-12-21 09:00:00,-1.5,-5.9,72.0,101.72,0.07400000000000001,8.0,1,0,20.19333333333333
2019-12-21 10:00:00,-1.1,-5.7,71.0,101.73,0.09,8.0,1,0,20.543333333333333
2019-12-21 11:00:00,-0.6,-5.4,70.0,101.66,0.068,8.0,1,0,20.770000000000003
2019-12-21 12:00:00,0.7,-5.1,65.0,101.49,0.086,8.0,1,0,20.69666666666666
2019-12-21 13:00:00,1.4,-4.1,67.0,101.37,0.12,8.0,1,0,20.389999999999997
2019-12-21 14:00:00,1.3,-3.4,71.0,101.28,0.28,8.0,1,0,20.153333333333332
2019-12-21 15:00:00,1.8,-2.1,75.0,101.26,0.43,7.0,1,0,19.8
2019-12-21 16:00:00,1.8,-2.3,74.0,101.24,0.77,2.0,1,0,19.600000000000012
2019-12-21 17:00:00,1.6,-1.7,78.0,101.24,0.792,1.0,0,0,19.65666666666668
2019-12-21 18:00:00,1.4,-1.5,81.0,101.21,0.818,0.0,0,0,19.76333333333333
2019-12-21 19:00:00,2.3,-0.8,80.0,101.14,0.22399999999999998,0.0,0,0,20.556666666666665
2019-12-21 20:00:00,2.4,-0.8,79.0,101.14,0.23800000000000002,0.0,0,0,20.949999999999996
2019-12-21 21:00:00,2.0,-1.5,78.0,101.1,0.18,0.0,0,0,20.806666666666658
2019-12-21 22:00:00,2.0,-2.0,74.0,101.06,0.11199999999999999,1.0,0,1,21.046666666666678
2019-12-21 23:00:00,2.4,-2.4,70.0,101.04,0.078,1.0,0,1,21.42333333333334
2019-12-22 00:00:00,2.3,-2.2,72.0,101.03,0.102,1.0,0,1,21.47000000000001
2019-12-22 01:00:00,1.8,-2.3,74.0,100.96,1.024,0.0,0,0,20.810000000000002
2019-12-22 02:00:00,1.7,-2.3,75.0,100.92,0.172,4.0,0,0,20.720000000000002
2019-12-22 03:00:00,1.9,-2.2,74.0,100.95,0.278,0.0,0,0,20.676666666666666
2019-12-22 04:00:00,1.5,-2.5,75.0,100.99,0.746,4.0,0,0,20.540000000000003
2019-12-22 05:00:00,0.9,-2.6,77.0,100.95,0.866,2.0,0,0,20.5
2019-12-22 06:00:00,1.3,-2.0,78.0,100.89,0.49,0.0,0,0,20.5
2019-12-22 07:00:00,1.7,-1.9,77.0,100.88,0.14,0.0,0,0,20.593333333333327
2019-12-22 08:00:00,1.6,-2.2,76.0,100.88,0.122,4.0,1,0,20.853846153846156
